Number,Address,Tokens
1,0xf13D931e2795ec7CB19227770bA265eD8A994e06,1
2,0x4A500c596EBc13F50330D55bd86aD98B7aFFFE76,2
3,0x52e396811c3D48D95776B16aA1Fb9587047e08c8,3
4,0x4C4b5cD8F388bb742E0e213589728CD9238b35ED,4
5,0xFDBC44049a898f0C78f5225ABaa9278C9b2B1aC9,5
6,0xf9976A50C5a9871F35c876a189eabD74b0Cc763A,6
7,0xD5c3D8D6672Ec4744000aE703D822b9606d3986b,7
8,0xD096cDB56475d2b71035ceD3C63083b598B987b0,22
9,0x253AbD7a7fCB6b7581815d80F6e33b9C9b90be45,9
10,0x023909Afb43Ce0F06943e4D851992946D592aDe9,10
11,0x24A0a82b3903C9043A8B8fe1a58F89EC5D705B3D,11
12,0xaD12735639333B5B2DE90064f38FD7b5d566a5d2,12
13,0x5CF5048D3867b50029d8C94a6297a6CFecbCEB9e,13
14,0xd67cD8D15Bb765A672e88F514B930604B8538fB3,14
15,0x896CC3b585Cc16780D373fDE1b0d3Fcb9b22913E,15
16,0x9450e2932Ca7ed94CD4eC6bD3Ce39b3811bb51d1,16
17,0xF0F18ad3B8eEAd6347bC3E47D222dF8287C15f19,44
18,0xf21e1F06fc4Dd4A5964C1b573B3D924c5bE8dC9f,18
19,0xdb12e080d6eCA2fcf96c9b41148f4037A4ECDb62,19
20,0x8f4F0c942A860D5C748A20cBEA17EaC12c4E0f57,20
21,0xB41F9C2FB20BEb84C441328b5bd29e3Fad19FE24,21
22,0x1BE29518077473426aB297c67218a4355F591FF9,22
23,0x7a0A76862166D33533feE0F16A79441323d3464a,23
24,0x5E73AAf282360042ebF54aeC66044d135a232411,24
25,0x86B5F32EDf5d0d563C4Ed78Be01Ec8A3F09a20d1,25
26,0xE2b3d38e94Cd90e26b4b7598F42659594478ECF7,77
27,0x5f3d486B3134d3f87849Eb671D00b00E5dA3BB8E,27
28,0x47168e3Cbee4c591CE7315F396Cf3Ec9dF4c52B7,28
29,0x7b0732212e12780B000f7e2020298a8d333B85EB,29
30,0x1c1647301a5B18f4aDa61E655a546f2eFDFd7F43,30
31,0xd6D82220B7b6F6B650942F5DD94067826E26CD37,31
32,0xa99AA26233856016698b170d35E49c71a4927963,32
33,0x1293F2DCA10eb018adD1590123922B0C946EF4AD,33
34,0xC5ABe84E210B2e57DA627096fC2C8b425C70cc5d,34
35,0x58cCd5b06700Abd3274744FD131c4f55d9095AE1,35
36,0xC49DaF69d94f2D363e3864093235f6CCbD1c4BB6,55
37,0x8D4eD56A73482cf9F72b0e6A55C1488E4E82dc79,37
38,0xa66256D821C2FFB4E5e0B5735b46d5bB56372208,38
39,0x4637c20d5B31AD309A7Aa55729E4b22E8Dd0d3Ea,39
40,0x59074DC81Ac9Dc44c863Ca1fF76F1485df29De1A,40
41,0x8b9826bCa2Fa32b8b284459A55D63feB52471b02,41
42,0xB8Fe946532E8e493EF75744E7b530FE2497de73f,42
43,0xced2521508D6c985a1C8F38C692fA3fB634EB03a,99
44,0x821B8612DE4949143A2bb5975A3056a088CCF9D9,44
45,0xa0A8Be5Dd28F85841106a094727B54447F3e16A8,45
46,0xBaDa83E4c9352ca9980Cc25733abFA372115Cdba,46
47,0x73203daA196B26a77D23eeD170e3ceB0E98640b8,47
48,0xc156C84E5d676DceA1d6d8aAe13677f37E5efa4f,48
49,0xEC9Ae28CB8754B9771588A8F88257761a2aB1A91,49
50,0x532383D137b67Af372913888542b1ED714a1A41c,50
51,0x4c76deBBd39c3DD21F09C03677F91769e2AEd1D7,51
52,0x0F58593E1fbCfE724Ec3A341c35fdd8f631e1084,52
53,0x62dEF22d0966c331400274F7b830b63996892E95,53
54,0xce6bA48D5fb070A1DccD124D9809A7DB43a51155,54
55,0x8d8826Dfa4A5B40d1453b9A44E8EA92Be95c0aBa,55
56,0x546435D207c704733204092976e0f070F697f39F,56
57,0xfAe9De8F6f9BaD5Bc7Cd7C329e844abA61575767,11
58,0x8f717221E16a305100Aab7d6DB744E9864633ef4,58
59,0xD7A64f1aF6548Bf57C25662557e03CB2Adba2A55,59
60,0x3356Df5a9a4172B11Ab8C7902d26c014a087C0bb,60
61,0xD46722D87f0599a6C126E894EBB484cA48a10522,61
62,0x00E33038CC5C3768D9E8F2B785c4D580DD288Ae6,62
63,0x0Ff5fc59E45CCE8A6f10115634ec7dc4b8b33A13,63
64,0x5893D45Bd7Ccf62C5f752a274e77059085f61B6C,33
65,0xb7D9388c2fe4Fb758137741dA700b39376580467,65
66,0xEa0F6bEcB637Cab922b8abCcFa17D9D7E38A6A92,66
67,0xDbb279eb4FD19f4417B91c91d05A2aF148CF2bfa,67
68,0x0b0B0e83031E6b53097a31b12ba2595667cD2aC2,68
69,0xd3e18b769482fb199C78Ce92aa996F270cD3E840,69
70,0x0CD4822097b2bFdcf855af0d42E7B017aeF806FD,70
71,0x69A3C73434Ce779F3e3Dc2aeCBE587E0De339a09,71
72,0x62dDEB3BBAD5386035C69Be601C850CE8F7ae19d,72
73,0x0751B5cCF53E05bf8e82100C29935e9a99D81904,73
74,0xc453871b05C57783cCCeD5B00f6eDA827E6A39db,66
75,0x8AEab74537AD9698bFEa9944579E1E1d1121CC79,75
76,0xC9b05922C4B800525d27935b38f84aF6e8b002a2,76
77,0xA3C99E8D9b91574f93E7f2B1d2b9D42bA4A8f27A,77
78,0xecA58E1799FC2f0C017123ca432558aEffb3228C,78
79,0x784F4199A91C2361601Ad92492cb38A20F6AdADc,79
80,0x4B234b8d98B15aCCd55341473018E111bC8492d5,80
81,0xA221aE9CFF6803d534Dd5b2d82367Bb7d187B8d1,81
82,0x4569d42eB780422E7d4013e87AebAc3C398ab7bc,82
83,0x49AfcF6e5CeD71eb899946fF8a4871E08fd7F65c,83
84,0xa24A4a816df2D158Eb5BF7AFd2441Bd8Ed06b8Cd,84
85,0x4E1F02DbB6b5a2FC8D61BBCf8755c1EE679AD6b1,85
86,0xfe13499f6C4F71Ac6cff602CbaF820Fb1e139cA5,86
87,0xDF529046E8F728453d5855b437343580e5aE09e4,88
88,0x2e6e221ccA220AB053607b145c915a708986452e,88
89,0xE7bB73BE85ef72a7504B65ACfe2E8E914c31dE18,89
90,0xdf33eE21956649aD00e37cFa5F48c5aAd1791Fb8,90
91,0x823BDBF330bE403E711d53697fB61387268708d4,91
92,0x050F2F1d69D21a9FE53CC891e06D43a6aBA5c580,92
93,0xe2cb311DFb342Bf913b5622C9790Ef6Ae3151541,93
94,0x94dF04888DCB5870C22E8eF2E88A41bEE89e6E07,94
95,0x14f5A73db68Ec82Fdeb9405A60011e7Cfb3C1414,95
96,0xf59a7A203a9dFef1814509AB493f0e62d7Bb8b23,96
97,0x9D985205f16b9611fEF9Cd4d395Df651e7A93fbb,97
98,0xB842ac6ff828cC40c96c8DA5FB3aE9a426Dc2897,98
99,0xEB09C87DACfe9D1110a0074Ad07a07163a83AEe6,66
100,0x211637640cb6cCcE1FD0762574a80ef11FDEca8b,100,
1,0xf13D931e2795ec7CB19227770bA265eD8A994e06,1
2,0x4A500c596EBc13F50330D55bd86aD98B7aFFFE76,2
3,0x52e396811c3D48D95776B16aA1Fb9587047e08c8,3
4,0x4C4b5cD8F388bb742E0e213589728CD9238b35ED,4
5,0xFDBC44049a898f0C78f5225ABaa9278C9b2B1aC9,5
6,0xf9976A50C5a9871F35c876a189eabD74b0Cc763A,6
7,0xD5c3D8D6672Ec4744000aE703D822b9606d3986b,7
8,0xD096cDB56475d2b71035ceD3C63083b598B987b0,22
9,0x253AbD7a7fCB6b7581815d80F6e33b9C9b90be45,9
10,0x023909Afb43Ce0F06943e4D851992946D592aDe9,10
11,0x24A0a82b3903C9043A8B8fe1a58F89EC5D705B3D,11
12,0xaD12735639333B5B2DE90064f38FD7b5d566a5d2,12
13,0x5CF5048D3867b50029d8C94a6297a6CFecbCEB9e,13
14,0xd67cD8D15Bb765A672e88F514B930604B8538fB3,14
15,0x896CC3b585Cc16780D373fDE1b0d3Fcb9b22913E,15
16,0x9450e2932Ca7ed94CD4eC6bD3Ce39b3811bb51d1,16
17,0xF0F18ad3B8eEAd6347bC3E47D222dF8287C15f19,44
18,0xf21e1F06fc4Dd4A5964C1b573B3D924c5bE8dC9f,18
19,0xdb12e080d6eCA2fcf96c9b41148f4037A4ECDb62,19
20,0x8f4F0c942A860D5C748A20cBEA17EaC12c4E0f57,20
21,0xB41F9C2FB20BEb84C441328b5bd29e3Fad19FE24,21
22,0x1BE29518077473426aB297c67218a4355F591FF9,22
23,0x7a0A76862166D33533feE0F16A79441323d3464a,23
24,0x5E73AAf282360042ebF54aeC66044d135a232411,24
25,0x86B5F32EDf5d0d563C4Ed78Be01Ec8A3F09a20d1,25
26,0xE2b3d38e94Cd90e26b4b7598F42659594478ECF7,77
27,0x5f3d486B3134d3f87849Eb671D00b00E5dA3BB8E,27
28,0x47168e3Cbee4c591CE7315F396Cf3Ec9dF4c52B7,28
29,0x7b0732212e12780B000f7e2020298a8d333B85EB,29
30,0x1c1647301a5B18f4aDa61E655a546f2eFDFd7F43,30
31,0xd6D82220B7b6F6B650942F5DD94067826E26CD37,31
32,0xa99AA26233856016698b170d35E49c71a4927963,32
33,0x1293F2DCA10eb018adD1590123922B0C946EF4AD,33
34,0xC5ABe84E210B2e57DA627096fC2C8b425C70cc5d,34
35,0x58cCd5b06700Abd3274744FD131c4f55d9095AE1,35
36,0xC49DaF69d94f2D363e3864093235f6CCbD1c4BB6,55
37,0x8D4eD56A73482cf9F72b0e6A55C1488E4E82dc79,37
38,0xa66256D821C2FFB4E5e0B5735b46d5bB56372208,38
39,0x4637c20d5B31AD309A7Aa55729E4b22E8Dd0d3Ea,39
40,0x59074DC81Ac9Dc44c863Ca1fF76F1485df29De1A,40
41,0x8b9826bCa2Fa32b8b284459A55D63feB52471b02,41
42,0xB8Fe946532E8e493EF75744E7b530FE2497de73f,42
43,0xced2521508D6c985a1C8F38C692fA3fB634EB03a,99
44,0x821B8612DE4949143A2bb5975A3056a088CCF9D9,44
45,0xa0A8Be5Dd28F85841106a094727B54447F3e16A8,45
46,0xBaDa83E4c9352ca9980Cc25733abFA372115Cdba,46
47,0x73203daA196B26a77D23eeD170e3ceB0E98640b8,47
48,0xc156C84E5d676DceA1d6d8aAe13677f37E5efa4f,48
49,0xEC9Ae28CB8754B9771588A8F88257761a2aB1A91,49
50,0x532383D137b67Af372913888542b1ED714a1A41c,50





